INSERT INTO `DBD`.`Cliente` (`cpf`, `nome_cliente`, `endereco`, `telefone`, `pontos_fidelidade`) VALUES ('12345678901', 'Cliente A', 'Rua A', '12345678', '100');
INSERT INTO `DBD`.`Cliente` (`cpf`, `nome_cliente`, `endereco`, `telefone`, `pontos_fidelidade`) VALUES ('23456789012', 'Cliente B', 'Rua B', '23456789', '0');
INSERT INTO `DBD`.`Cliente` (`cpf`, `nome_cliente`, `endereco`, `telefone`, `pontos_fidelidade`) VALUES ('34567890123', 'Cliente C', 'Rua C', '34567890', '200');
INSERT INTO `DBD`.`Cliente` (`cpf`, `nome_cliente`, `endereco`, `telefone`, `pontos_fidelidade`) VALUES ('45678901234', 'Cliente D', 'Rua D', '45678901', '50');
INSERT INTO `DBD`.`Empresa` (`empresa_Id`, `caixa`, `nome_usuario`, `senha_usuario`) VALUES ('1', '0,00', 'Atendente', 'atender');
INSERT INTO `DBD`.`Item_Cardapio` (`nome_item`, `preco`, `popularidade`, `pontos_fidelidade_item`, `ingredientes`, `disponibilidade`, `a_venda`) VALUES ('Sushi vegetariano', '14,99', '0', '10', 'Pura alga', 1, 1);
INSERT INTO `DBD`.`Item_Cardapio` (`nome_item`, `preco`, `popularidade`, `pontos_fidelidade_item`, `ingredientes`, `disponibilidade`, `a_venda`) VALUES ('Sushi ultrapassado', '5,55', '2', '5', 'Peixe com peixe e peixe', 1, 0);
INSERT INTO `DBD`.`Item_Cardapio` (`nome_item`, `preco`, `popularidade`, `pontos_fidelidade_item`, `ingredientes`, `disponibilidade`, `a_venda`) VALUES ('Harumaki', '5,90', '10', '5', 'Rolinho primavera', 1, 1);
INSERT INTO `DBD`.`Item_Cardapio` (`nome_item`, `preco`, `popularidade`, `pontos_fidelidade_item`, `ingredientes`, `disponibilidade`, `a_venda`) VALUES ('Guioza', '10,90', '1', '10', 'Pastelzinho japonês', 1, 1);
INSERT INTO `DBD`.`Item_Cardapio` (`nome_item`, `preco`, `popularidade`, `pontos_fidelidade_item`, `ingredientes`, `disponibilidade`, `a_venda`) VALUES ('Shimeji', '16,90', '3', '16', 'Cogumelos salteados na chapa com molho shoyu', 1, 1);
INSERT INTO `DBD`.`Item_Cardapio` (`nome_item`, `preco`, `popularidade`, `pontos_fidelidade_item`, `ingredientes`, `disponibilidade`, `a_venda`) VALUES ('Missoshiru', '3,50', '4', '5', 'Sopa de soja com tofu e cebolinha', 1, 1);
INSERT INTO `DBD`.`Item_Cardapio` (`nome_item`, `preco`, `popularidade`, `pontos_fidelidade_item`, `ingredientes`, `disponibilidade`, `a_venda`) VALUES ('Gohan', '3,00', '5', '5', 'Arroz branco', 1, 1);
INSERT INTO `DBD`.`Item_Cardapio` (`nome_item`, `preco`, `popularidade`, `pontos_fidelidade_item`, `ingredientes`, `disponibilidade`, `a_venda`) VALUES ('Hot Filadélfia', '13,50', '15', '10', 'Salmão, cream cheese, molho teriaki', 1, 1);
INSERT INTO `DBD`.`Item_Cardapio` (`nome_item`, `preco`, `popularidade`, `pontos_fidelidade_item`, `ingredientes`, `disponibilidade`, `a_venda`) VALUES ('Califórnia Uramaki', '13,00', '6', '10', 'Arroz, alga, kani, manga, pepino, gergelin', 1, 1);
INSERT INTO `DBD`.`Item_Cardapio` (`nome_item`, `preco`, `popularidade`, `pontos_fidelidade_item`, `ingredientes`, `disponibilidade`, `a_venda`) VALUES ('Skin Uramaki', '12,00', '7', '10', 'Pele de salmão frita, arroz temperado e alga', 1, 1);
INSERT INTO `DBD`.`Item_Cardapio` (`nome_item`, `preco`, `popularidade`, `pontos_fidelidade_item`, `ingredientes`, `disponibilidade`, `a_venda`) VALUES ('Temaki de Atum', '11,00', '30', '10', 'Sushi em forma de cone', 1, 1);
INSERT INTO `DBD`.`Item_Cardapio` (`nome_item`, `preco`, `popularidade`, `pontos_fidelidade_item`, `ingredientes`, `disponibilidade`, `a_venda`) VALUES ('Temaki Mexicano', '11,00', '17', '10', 'Sushi em forma de cone', 1, 1);
INSERT INTO `DBD`.`Item_Cardapio` (`nome_item`, `preco`, `popularidade`, `pontos_fidelidade_item`, `ingredientes`, `disponibilidade`, `a_venda`) VALUES ('Temaki de Salmão', '12,00', '9', '10', 'Sushi em forma de cone', 1, 1);
INSERT INTO `DBD`.`Item_Cardapio` (`nome_item`, `preco`, `popularidade`, `pontos_fidelidade_item`, `ingredientes`, `disponibilidade`, `a_venda`) VALUES ('Kanimaki', '11,00', '14', '10', 'Alga, arroz temperado, kanikama', 1, 1);
INSERT INTO `DBD`.`Item_Cardapio` (`nome_item`, `preco`, `popularidade`, `pontos_fidelidade_item`, `ingredientes`, `disponibilidade`, `a_venda`) VALUES ('Takomaki', '13,00', '13', '10', 'Alga, arroz temperado, polvo', 1, 1);
INSERT INTO `DBD`.`Item_Cardapio` (`nome_item`, `preco`, `popularidade`, `pontos_fidelidade_item`, `ingredientes`, `disponibilidade`, `a_venda`) VALUES ('Ebimaki', '13,00', '14', '10', 'Alga, arroz temperado, camarão', 1, 1);
INSERT INTO `DBD`.`Item_Cardapio` (`nome_item`, `preco`, `popularidade`, `pontos_fidelidade_item`, `ingredientes`, `disponibilidade`, `a_venda`) VALUES ('Niguiri de Salmão', '10,00', '2', '10', 'Arroz coberto com fatia de salmão', 1, 1);
INSERT INTO `DBD`.`Item_Cardapio` (`nome_item`, `preco`, `popularidade`, `pontos_fidelidade_item`, `ingredientes`, `disponibilidade`, `a_venda`) VALUES ('Niguiri de Camarão', '12,00', '5', '10', 'Arroz coberto com camarão', 1, 1);
INSERT INTO `DBD`.`Item_Cardapio` (`nome_item`, `preco`, `popularidade`, `pontos_fidelidade_item`, `ingredientes`, `disponibilidade`, `a_venda`) VALUES ('Uramaki de Salmão', '12,00', '19', '10', 'Enrolado com arroz por fora, salmão', 1, 1);
INSERT INTO `DBD`.`Item_Cardapio` (`nome_item`, `preco`, `popularidade`, `pontos_fidelidade_item`, `ingredientes`, `disponibilidade`, `a_venda`) VALUES ('Uramaki Shake Fry', '12,00', '11', '10', 'Enrolado com arroz por fora, salmão frito, cream cheese', 1, 1);
INSERT INTO `DBD`.`Item_Cardapio` (`nome_item`, `preco`, `popularidade`, `pontos_fidelidade_item`, `ingredientes`, `disponibilidade`, `a_venda`) VALUES ('Suco', '3,00', '1', '5', 'Suco', 1, 1);
INSERT INTO `DBD`.`Item_Cardapio` (`nome_item`, `preco`, `popularidade`, `pontos_fidelidade_item`, `ingredientes`, `disponibilidade`, `a_venda`) VALUES ('Refrigerante', '3,00', '3', '5', 'Refrigerante', 1, 1);
INSERT INTO `DBD`.`Item_Cardapio` (`nome_item`, `preco`, `popularidade`, `pontos_fidelidade_item`, `ingredientes`, `disponibilidade`, `a_venda`) VALUES ('Água sem gás', '1,50', '10', '5', 'Água sem gás', 1, 1);
INSERT INTO `DBD`.`Item_Cardapio` (`nome_item`, `preco`, `popularidade`, `pontos_fidelidade_item`, `ingredientes`, `disponibilidade`, `a_venda`) VALUES ('Água com gás', '1,50', '13', '5', 'Água com gás', 1, 1);
INSERT INTO `DBD`.`Item_Cardapio` (`nome_item`, `preco`, `popularidade`, `pontos_fidelidade_item`, `ingredientes`, `disponibilidade`, `a_venda`) VALUES ('Aquarius Fresh', '2,50', '8', '5', 'Áquarius Fresh', 1, 1);
INSERT INTO `DBD`.`Item_Cardapio` (`nome_item`, `preco`, `popularidade`, `pontos_fidelidade_item`, `ingredientes`, `disponibilidade`, `a_venda`) VALUES ('Long Neck', '4,00', '6', '5', 'Long Neck', 1, 1);
INSERT INTO `DBD`.`Item_Cardapio` (`nome_item`, `preco`, `popularidade`, `pontos_fidelidade_item`, `ingredientes`, `disponibilidade`, `a_venda`) VALUES ('Sashimi Salmão Roasted', '15,00', '7', '20', 'Salmão levemente grelhado', 1, 1);
INSERT INTO `DBD`.`Item_Cardapio` (`nome_item`, `preco`, `popularidade`, `pontos_fidelidade_item`, `ingredientes`, `disponibilidade`, `a_venda`) VALUES ('Uramaki Romeu e Julieta', '12,00', '20', '5', 'Goiabada, cream cheese', 1, 1);
INSERT INTO `DBD`.`Item_Cardapio` (`nome_item`, `preco`, `popularidade`, `pontos_fidelidade_item`, `ingredientes`, `disponibilidade`, `a_venda`) VALUES ('Temaki de Banana', '12,00', '21', '10', 'Nori com arroz japonês, banana com calda de chocolate e doce de leite', 1, 1);
INSERT INTO `DBD`.`Item_Cardapio` (`nome_item`, `preco`, `popularidade`, `pontos_fidelidade_item`, `ingredientes`, `disponibilidade`, `a_venda`) VALUES ('Guioza de Morango', '12,00', '10', '10', 'Giozas de morango servido com sorvete', 1, 1);
INSERT INTO `DBD`.`Item_Cardapio` (`nome_item`, `preco`, `popularidade`, `pontos_fidelidade_item`, `ingredientes`, `disponibilidade`, `a_venda`) VALUES ('Koni Store', '12,00', '4', '10', 'Cone de morango com nutella', 1, 1);
INSERT INTO `DBD`.`Item_Cardapio` (`nome_item`, `preco`, `popularidade`, `pontos_fidelidade_item`, `ingredientes`, `disponibilidade`, `a_venda`) VALUES ('Temaki de Chocolate', '12,00', '7', '10', 'Temaki de chocolate com molho de framboesa', 1, 1);

INSERT INTO `DBD`.`Entrada` (`nome_item`) VALUES ('Harumaki');
INSERT INTO `DBD`.`Entrada` (`nome_item`) VALUES ('Guioza');
INSERT INTO `DBD`.`Entrada` (`nome_item`) VALUES ('Shimeji');
INSERT INTO `DBD`.`Entrada` (`nome_item`) VALUES ('Missoshiru');
INSERT INTO `DBD`.`Entrada` (`nome_item`) VALUES ('Gohan');
INSERT INTO `DBD`.`Principal` (`nome_item`) VALUES ('Hot Filadélfia');
INSERT INTO `DBD`.`Principal` (`nome_item`) VALUES ('Califórnia Uramaki');
INSERT INTO `DBD`.`Principal` (`nome_item`) VALUES ('Skin Uramaki');
INSERT INTO `DBD`.`Principal` (`nome_item`) VALUES ('Temaki de Atum');
INSERT INTO `DBD`.`Principal` (`nome_item`) VALUES ('Temaki Mexicano');
INSERT INTO `DBD`.`Principal` (`nome_item`) VALUES ('Temaki de Salmão');
INSERT INTO `DBD`.`Principal` (`nome_item`) VALUES ('Kanimaki');
INSERT INTO `DBD`.`Principal` (`nome_item`) VALUES ('Takomaki');
INSERT INTO `DBD`.`Principal` (`nome_item`) VALUES ('Ebimaki');
INSERT INTO `DBD`.`Principal` (`nome_item`) VALUES ('Niguiri de Salmão');
INSERT INTO `DBD`.`Principal` (`nome_item`) VALUES ('Niguiri de Camarão');
INSERT INTO `DBD`.`Principal` (`nome_item`) VALUES ('Uramaki de Salmão');
INSERT INTO `DBD`.`Principal` (`nome_item`) VALUES ('Uramaki Shake Fry');
INSERT INTO `DBD`.`Principal` (`nome_item`) VALUES ('Sushi vegetariano');
INSERT INTO `DBD`.`Principal` (`nome_item`) VALUES ('Sushi ultrapassado');
INSERT INTO `DBD`.`Principal` (`nome_item`) VALUES ('Sashimi Salmão Roasted');
INSERT INTO `DBD`.`Sobremesa` (`nome_item`) VALUES ('Uramaki Romeu e Julieta');
INSERT INTO `DBD`.`Sobremesa` (`nome_item`) VALUES ('Temaki de Banana');
INSERT INTO `DBD`.`Sobremesa` (`nome_item`) VALUES ('Guioza de Morango');
INSERT INTO `DBD`.`Sobremesa` (`nome_item`) VALUES ('Koni Store');
INSERT INTO `DBD`.`Sobremesa` (`nome_item`) VALUES ('Temaki de Chocolate');
INSERT INTO `DBD`.`Bebida` (`nome_item`) VALUES ('Suco');
INSERT INTO `DBD`.`Bebida` (`nome_item`) VALUES ('Refrigerante');
INSERT INTO `DBD`.`Bebida` (`nome_item`) VALUES ('Água sem gás');
INSERT INTO `DBD`.`Bebida` (`nome_item`) VALUES ('Água com gás');
INSERT INTO `DBD`.`Bebida` (`nome_item`) VALUES ('Aquarius Fresh');
INSERT INTO `DBD`.`Bebida` (`nome_item`) VALUES ('Long Neck');
